Data,close
2010-01-04,6.695
2010-01-05,6.7345
2010-01-06,6.6125
2010-01-07,6.5
2010-01-08,6.676
2010-01-11,6.5155
2010-01-12,6.3675
2010-01-13,6.4555
2010-01-14,6.3675
2010-01-15,6.357
2010-01-19,6.3805
2010-01-20,6.289
2010-01-21,6.331
2010-01-22,6.0715
2010-01-25,6.0155
2010-01-26,5.974
2010-01-27,6.1375
2010-01-28,6.3015
2010-01-29,6.2705
2010-02-01,5.9435
2010-02-02,5.906
2010-02-03,5.955
2010-02-04,5.797
2010-02-05,5.8695
2010-02-08,5.8415
2010-02-09,5.9015
2010-02-10,5.868
2010-02-11,6.0045
2010-02-12,5.983
2010-02-16,5.8765
2010-02-17,5.8155
2010-02-18,5.904
2010-02-19,5.876
2010-02-22,5.9005
2010-02-23,5.862
2010-02-24,5.986
2010-02-25,5.91
2010-02-26,5.92
2010-03-01,6.227
2010-03-02,6.2765
2010-03-03,6.2945
2010-03-04,6.4265
2010-03-05,6.4455
2010-03-08,6.5055
2010-03-09,6.441
2010-03-10,6.5255
2010-03-11,6.679
2010-03-12,6.591
2010-03-15,6.5565
2010-03-16,6.5895
2010-03-17,6.567
2010-03-18,6.638
2010-03-19,6.5175
2010-03-22,6.5235
2010-03-23,6.463
2010-03-24,6.402
2010-03-25,6.7365
2010-03-26,6.753
2010-03-29,6.756
2010-03-30,6.829
2010-03-31,6.7885
2010-04-01,6.5905
2010-04-05,6.5745
2010-04-06,6.778
2010-04-07,6.7435
2010-04-08,7.048
2010-04-09,7.003
2010-04-12,7.06
2010-04-13,7.008
2010-04-14,7.214
2010-04-15,7.291
2010-04-16,7.1085
2010-04-19,7.1215
2010-04-20,7.21
2010-04-21,7.3215
2010-04-22,7.5045
2010-04-23,7.1815
2010-04-26,7.3555
2010-04-27,7.101
2010-04-28,6.9675
2010-04-29,7.0865
2010-04-30,6.855
2010-05-03,6.8745
2010-05-04,6.4915
2010-05-05,6.5465
2010-05-06,6.4355
2010-05-07,6.249
2010-05-10,6.5645
2010-05-11,6.523
2010-05-12,6.6935
2010-05-13,6.5735
2010-05-14,6.4265
2010-05-17,6.4455
2010-05-18,6.314
2010-05-19,6.2295
2010-05-20,5.9855
2010-05-21,6.136
2010-05-24,6.106
2010-05-25,6.243
2010-05-26,6.1605
2010-05-27,6.335
2010-05-28,6.273
2010-06-01,6.162
2010-06-02,6.3155
2010-06-03,6.438
2010-06-04,6.1385
2010-06-07,6.1005
2010-06-08,5.9415
2010-06-09,5.8955
2010-06-10,6.1605
2010-06-11,6.1515
2010-06-14,6.1915
2010-06-15,6.342
2010-06-16,6.345
2010-06-17,6.2945
2010-06-18,6.2915
2010-06-21,6.1275
2010-06-22,6.1155
2010-06-23,6.0725
2010-06-24,5.9165
2010-06-25,6.05
2010-06-28,5.89
2010-06-29,5.4305
2010-06-30,5.463
2010-07-01,5.548
2010-07-02,5.457
2010-07-06,5.503
2010-07-07,5.6715
2010-07-08,5.811
2010-07-09,5.863
2010-07-12,5.9755
2010-07-13,6.1825
2010-07-14,6.165
2010-07-15,6.103
2010-07-16,5.9245
2010-07-19,5.997
2010-07-20,6.005
2010-07-21,5.8715
2010-07-22,6.0035
2010-07-23,5.9435
2010-07-26,5.92
2010-07-27,5.8565
2010-07-28,5.8565
2010-07-29,5.843
2010-07-30,5.8945
2010-08-02,6.0035
2010-08-03,6.121
2010-08-04,6.379
2010-08-05,6.3915
2010-08-06,6.416
2010-08-09,6.4415
2010-08-10,6.5
2010-08-11,6.2945
2010-08-12,6.328
2010-08-13,6.2345
2010-08-16,6.3035
2010-08-17,6.443
2010-08-18,6.4825
2010-08-19,6.3785
2010-08-20,6.388
2010-08-23,6.33
2010-08-24,6.2265
2010-08-25,6.3425
2010-08-26,6.243
2010-08-27,6.332
2010-08-30,6.1895
2010-08-31,6.2415
2010-09-01,6.6245
2010-09-02,6.7605
2010-09-03,6.9395
2010-09-07,6.861
2010-09-08,6.957
2010-09-09,7.019
2010-09-10,7.122
2010-09-13,7.2535
2010-09-14,7.2875
2010-09-15,7.2725
2010-09-16,7.4065
2010-09-17,7.416
2010-09-20,7.565
2010-09-21,7.5365
2010-09-22,7.5915
2010-09-23,7.6425
2010-09-24,8.0365
2010-09-27,7.9685
2010-09-28,7.985
2010-09-29,7.9495
2010-09-30,7.853
2010-10-01,7.6855
2010-10-04,7.7695
2010-10-05,8.0435
2010-10-06,7.77
2010-10-07,7.8135
2010-10-08,7.7775
2010-10-11,7.6515
2010-10-12,7.824
2010-10-13,7.7585
2010-10-14,7.7765
2010-10-15,8.232
2010-10-18,8.178
2010-10-19,7.9335
2010-10-20,7.9335
2010-10-21,8.2485
2010-10-22,8.4565
2010-10-25,8.45
2010-10-26,8.4975
2010-10-27,8.3755
2010-10-28,8.342
2010-10-29,8.2615
2010-11-01,8.129
2010-11-02,8.2305
2010-11-03,8.4235
2010-11-04,8.4465
2010-11-05,8.5385
2010-11-08,8.5995
2010-11-09,8.5135
2010-11-10,8.6665
2010-11-11,8.5185
2010-11-12,8.284
2010-11-15,7.945
2010-11-16,7.889
2010-11-17,7.9175
2010-11-18,8.2085
2010-11-19,8.241
2010-11-22,8.5195
2010-11-23,8.41
2010-11-24,8.8625
2010-11-26,8.86
2010-11-29,8.9745
2010-11-30,8.77
2010-12-01,8.8275
2010-12-02,8.8265
2010-12-03,8.784
2010-12-06,8.9025
2010-12-07,8.8385
2010-12-08,8.8145
2010-12-09,8.7425
2010-12-10,8.781
2010-12-13,8.7125
2010-12-14,8.697
2010-12-15,8.7785
2010-12-16,8.902
2010-12-17,8.879
2010-12-20,9.1645
2010-12-21,9.2375
2010-12-22,9.238
2010-12-23,9.1295
2010-12-27,9.107
2010-12-28,9.0545
2010-12-29,9.1685
2010-12-30,9.1375
2010-12-31,9.0
2011-01-03,9.211
2011-01-04,9.2505
2011-01-05,9.371
2011-01-06,9.293
2011-01-07,9.2745
2011-01-10,9.234
2011-01-11,9.217
2011-01-12,9.204
2011-01-13,9.2765
2011-01-14,9.4375
2011-01-18,9.5625
2011-01-19,9.3435
2011-01-20,9.098
2011-01-21,8.871
2011-01-24,8.8425
2011-01-25,8.835
2011-01-26,8.7695
2011-01-27,9.2225
2011-01-28,8.557
2011-01-31,8.482
2011-02-01,8.6055
2011-02-02,8.6765
2011-02-03,8.6855
2011-02-04,8.7965
2011-02-07,8.8215
2011-02-08,9.153
2011-02-09,9.265
2011-02-10,9.3105
2011-02-11,9.4625
2011-02-14,9.521
2011-02-15,9.4515
2011-02-16,9.331
2011-02-17,9.388
2011-02-18,9.325
2011-02-22,9.021
2011-02-23,8.834
2011-02-24,8.8875
2011-02-25,8.862
2011-02-28,8.6645
2011-03-01,8.472
2011-03-02,8.601
2011-03-03,8.6395
2011-03-04,8.5835
2011-03-07,8.454
2011-03-08,8.3445
2011-03-09,8.4525
2011-03-10,8.307
2011-03-11,8.4035
2011-03-14,8.3365
2011-03-15,8.254
2011-03-16,8.235
2011-03-17,8.0485
2011-03-18,8.091
2011-03-21,8.2265
2011-03-22,8.13
2011-03-23,8.266
2011-03-24,8.555
2011-03-25,8.549
2011-03-28,8.4675
2011-03-29,8.731
2011-03-30,8.971
2011-03-31,9.0065
2011-04-01,9.0065
2011-04-04,9.147
2011-04-05,9.2645
2011-04-06,9.138
2011-04-07,9.2455
2011-04-08,9.2355
2011-04-11,9.202
2011-04-12,9.024
2011-04-13,9.1145
2011-04-14,9.091
2011-04-15,9.0005
2011-04-18,8.917
2011-04-19,8.941
2011-04-20,9.1935
2011-04-21,9.2945
2011-04-25,9.271
2011-04-26,9.115
2011-04-27,9.8315
2011-04-28,9.7535
2011-04-29,9.7905
2011-05-02,10.0595
2011-05-03,9.9225
2011-05-04,9.9985
2011-05-05,9.8555
2011-05-06,9.88
2011-05-09,10.04
2011-05-10,10.197
2011-05-11,10.219
2011-05-12,10.3035
2011-05-13,10.128
2011-05-16,9.6255
2011-05-17,9.7405
2011-05-18,9.8545
2011-05-19,9.9405
2011-05-20,9.9325
2011-05-23,9.811
2011-05-24,9.6635
2011-05-25,9.613
2011-05-26,9.75
2011-05-27,9.7065
2011-05-31,9.8345
2011-06-01,9.62
2011-06-02,9.6825
2011-06-03,9.416
2011-06-06,9.2845
2011-06-07,9.3775
2011-06-08,9.4025
2011-06-09,9.484
2011-06-10,9.3265
2011-06-13,9.3145
2011-06-14,9.498
2011-06-15,9.299
2011-06-16,9.1825
2011-06-17,9.3185
2011-06-20,9.386
2011-06-21,9.7115
2011-06-22,9.5815
2011-06-23,9.708
2011-06-24,9.6275
2011-06-27,10.0625
2011-06-28,10.1175
2011-06-29,10.209
2011-06-30,10.2245
2011-07-01,10.4745
2011-07-05,10.6595
2011-07-06,10.7095
2011-07-07,10.837
2011-07-08,10.914
2011-07-11,10.6275
2011-07-12,10.5615
2011-07-13,10.675
2011-07-14,10.519
2011-07-15,10.6435
2011-07-18,10.5765
2011-07-19,10.903
2011-07-20,10.7775
2011-07-21,10.6605
2011-07-22,10.826
2011-07-25,10.6745
2011-07-26,10.709
2011-07-27,11.126
2011-07-28,11.195
2011-07-29,11.126
2011-08-01,11.066
2011-08-02,10.585
2011-08-03,10.498
2011-08-04,10.074
2011-08-05,10.135
2011-08-08,9.685
2011-08-09,10.2545
2011-08-10,9.7065
2011-08-11,9.918
2011-08-12,10.115
2011-08-15,10.1475
2011-08-16,9.884
2011-08-17,9.7965
2011-08-18,9.126
2011-08-19,8.9465
2011-08-22,8.877
2011-08-23,9.6775
2011-08-24,9.6865
2011-08-25,9.6015
2011-08-26,9.9635
2011-08-29,10.3265
2011-08-30,10.546
2011-08-31,10.7615
2011-09-01,10.627
2011-09-02,10.5
2011-09-06,10.809
2011-09-07,10.995
2011-09-08,10.863
2011-09-09,10.5695
2011-09-12,10.828
2011-09-13,10.9765
2011-09-14,11.1285
2011-09-15,11.339
2011-09-16,11.965
2011-09-19,12.0845
2011-09-20,11.6625
2011-09-21,11.5935
2011-09-22,11.1615
2011-09-23,11.1805
2011-09-26,11.4925
2011-09-27,11.2105
2011-09-28,11.4855
2011-09-29,11.122
2011-09-30,10.8115
2011-10-03,10.599
2011-10-04,10.625
2011-10-05,10.975
2011-10-06,11.0755
2011-10-07,11.237
2011-10-10,11.566
2011-10-11,11.774
2011-10-12,11.8405
2011-10-13,11.8075
2011-10-14,12.3355
2011-10-17,12.1165
2011-10-18,12.194
2011-10-19,11.5765
2011-10-20,11.6805
2011-10-21,11.739
2011-10-24,11.8805
2011-10-25,11.3575
2011-10-26,9.92
2011-10-27,10.339
2011-10-28,10.866
2011-10-31,10.6755
2011-11-01,10.605
2011-11-02,10.781
2011-11-03,10.9145
2011-11-04,10.824
2011-11-07,10.85
2011-11-08,10.8995
2011-11-09,10.561
2011-11-10,10.5395
2011-11-11,10.8695
2011-11-14,10.9465
2011-11-15,10.8915
2011-11-16,10.5995
2011-11-17,10.226
2011-11-18,9.857
2011-11-21,9.4625
2011-11-22,9.617
2011-11-23,9.4495
2011-11-25,9.12
2011-11-28,9.7075
2011-11-29,9.4195
2011-11-30,9.6145
2011-12-01,9.8565
2011-12-02,9.8015
2011-12-05,9.812
2011-12-06,9.5995
2011-12-07,9.766
2011-12-08,9.524
2011-12-09,9.6515
2011-12-12,9.476
2011-12-13,9.0255
2011-12-14,9.0105
2011-12-15,9.063
2011-12-16,9.063
2011-12-19,8.9665
2011-12-20,9.126
2011-12-21,8.7175
2011-12-22,8.9515
2011-12-23,8.864
2011-12-27,8.8135
2011-12-28,8.6945
2011-12-29,8.693
2011-12-30,8.655
2012-01-03,8.9515
2012-01-04,8.8755
2012-01-05,8.8805
2012-01-06,9.1305
2012-01-09,8.928
2012-01-10,8.967
2012-01-11,8.945
2012-01-12,8.7965
2012-01-13,8.921
2012-01-17,9.083
2012-01-18,9.472
2012-01-19,9.7225
2012-01-20,9.5465
2012-01-23,9.3045
2012-01-24,9.35
2012-01-25,9.39
2012-01-26,9.666
2012-01-27,9.7685
2012-01-30,9.6075
2012-01-31,9.722
2012-02-01,8.973
2012-02-02,9.086
2012-02-03,9.384
2012-02-06,9.157
2012-02-07,9.2095
2012-02-08,9.274
2012-02-09,9.249
2012-02-10,9.277
2012-02-13,9.5795
2012-02-14,9.565
2012-02-15,9.2235
2012-02-16,8.9965
2012-02-17,9.125
2012-02-21,9.113
2012-02-22,9.029
2012-02-23,8.9445
2012-02-24,8.9565
2012-02-27,8.9265
2012-02-28,9.19
2012-02-29,8.9845
2012-03-01,9.002
2012-03-02,8.965
2012-03-05,9.013
2012-03-06,9.0545
2012-03-07,9.1885
2012-03-08,9.382
2012-03-09,9.216
2012-03-12,9.1695
2012-03-13,9.2295
2012-03-14,9.113
2012-03-15,9.2215
2012-03-16,9.2525
2012-03-19,9.276
2012-03-20,9.6165
2012-03-21,9.5865
2012-03-22,9.62
2012-03-23,9.752
2012-03-26,10.1435
2012-03-27,10.272
2012-03-28,10.058
2012-03-29,10.2305
2012-03-30,10.1255
2012-04-02,9.9025
2012-04-03,9.983
2012-04-04,9.6995
2012-04-05,9.7385
2012-04-09,9.5935
2012-04-10,9.349
2012-04-11,9.3985
2012-04-12,9.5345
2012-04-13,9.423
2012-04-16,9.275
2012-04-17,9.4195
2012-04-18,9.5535
2012-04-19,9.555
2012-04-20,9.499
2012-04-23,9.412
2012-04-24,9.5165
2012-04-25,9.721
2012-04-26,9.7995
2012-04-27,11.3425
2012-04-30,11.595
2012-05-01,11.502
2012-05-02,11.5125
2012-05-03,11.4725
2012-05-04,11.1995
2012-05-07,11.258
2012-05-08,11.195
2012-05-09,11.149
2012-05-10,11.3345
2012-05-11,11.384
2012-05-14,11.1465
2012-05-15,11.2195
2012-05-16,11.203
2012-05-17,10.918
2012-05-18,10.6925
2012-05-21,10.9055
2012-05-22,10.7665
2012-05-23,10.864
2012-05-24,10.762
2012-05-25,10.6445
2012-05-29,10.7375
2012-05-30,10.4615
2012-05-31,10.6455
2012-06-01,10.411
2012-06-04,10.7285
2012-06-05,10.6605
2012-06-06,10.882
2012-06-07,10.94
2012-06-08,10.924
2012-06-11,10.825
2012-06-12,10.821
2012-06-13,10.7365
2012-06-14,10.7225
2012-06-15,10.9175
2012-06-18,11.133
2012-06-19,11.2015
2012-06-20,11.151
2012-06-21,11.0285
2012-06-22,11.108
2012-06-25,11.0035
2012-06-26,11.2805
2012-06-27,11.281
2012-06-28,11.0655
2012-06-29,11.4175
2012-07-02,11.466
2012-07-03,11.4765
2012-07-05,11.353
2012-07-06,11.2525
2012-07-09,11.2525
2012-07-10,10.975
2012-07-11,10.9185
2012-07-12,10.768
2012-07-13,10.9195
2012-07-16,10.8005
2012-07-17,10.8465
2012-07-18,10.8735
2012-07-19,11.3085
2012-07-20,11.4145
2012-07-23,11.3005
2012-07-24,11.152
2012-07-25,10.8525
2012-07-26,11.0005
2012-07-27,11.866
2012-07-30,11.8045
2012-07-31,11.665
2012-08-01,11.6045
2012-08-02,11.5405
2012-08-03,11.7485
2012-08-06,11.6995
2012-08-07,11.828
2012-08-08,11.719
2012-08-09,11.703
2012-08-10,11.6375
2012-08-13,11.622
2012-08-14,11.6595
2012-08-15,11.871
2012-08-16,12.0775
2012-08-17,12.0585
2012-08-20,12.0175
2012-08-21,11.9725
2012-08-22,12.155
2012-08-23,12.06
2012-08-24,12.287
2012-08-27,12.196
2012-08-28,12.3055
2012-08-29,12.356
2012-08-30,12.311
2012-08-31,12.4135
2012-09-04,12.394
2012-09-05,12.311
2012-09-06,12.569
2012-09-07,12.957
2012-09-10,12.8545
2012-09-11,12.7835
2012-09-12,12.7815
2012-09-13,13.012
2012-09-14,13.0635
2012-09-17,12.9
2012-09-18,12.9375
2012-09-19,13.084
2012-09-20,13.0405
2012-09-21,12.8735
2012-09-24,12.74
2012-09-25,12.623
2012-09-26,12.4835
2012-09-27,12.8295
2012-09-28,12.716
2012-10-01,12.6005
2012-10-02,12.53
2012-10-03,12.796
2012-10-04,13.0235
2012-10-05,12.9255
2012-10-08,12.953
2012-10-09,12.548
2012-10-10,12.2495
2012-10-11,12.211
2012-10-12,12.118
2012-10-15,12.209
2012-10-16,12.197
2012-10-17,12.3745
2012-10-18,12.2425
2012-10-19,12.0
2012-10-22,11.689
2012-10-23,11.7155
2012-10-24,11.4245
2012-10-25,11.146
2012-10-26,11.912
2012-10-31,11.6445
2012-11-01,11.607
2012-11-02,11.621
2012-11-05,11.7165
2012-11-06,11.878
2012-11-07,11.603
2012-11-08,11.3675
2012-11-09,11.3155
2012-11-12,11.3235
2012-11-13,11.33
2012-11-14,11.1475
2012-11-15,11.03
2012-11-16,11.2615
2012-11-19,11.4855
2012-11-20,11.689
2012-11-21,11.9015
2012-11-23,11.994
2012-11-26,12.181
2012-11-27,12.17
2012-11-28,12.3555
2012-11-29,12.5635
2012-11-30,12.6025
2012-12-03,12.5165
2012-12-04,12.6245
2012-12-05,12.698
2012-12-06,12.6685
2012-12-07,12.6635
2012-12-10,12.3885
2012-12-11,12.5345
2012-12-12,12.588
2012-12-13,12.5625
2012-12-14,12.4595
2012-12-17,12.693
2012-12-18,13.02
2012-12-19,12.8995
2012-12-20,13.075
2012-12-21,12.846
2012-12-24,12.931
2012-12-26,12.4315
2012-12-27,12.4155
2012-12-28,12.259
2012-12-31,12.5435
2013-01-02,12.8655
2013-01-03,12.924
2013-01-04,12.9575
2013-01-07,13.423
2013-01-08,13.319
2013-01-09,13.3175
2013-01-10,13.267
2013-01-11,13.397
2013-01-14,13.6365
2013-01-15,13.595
2013-01-16,13.4465
2013-01-17,13.524
2013-01-18,13.606
2013-01-22,13.5095
2013-01-23,13.4055
2013-01-24,13.681
2013-01-25,14.1995
2013-01-28,13.802
2013-01-29,13.0175
2013-01-30,13.638
2013-01-31,13.275
2013-02-01,13.25
2013-02-04,12.999
2013-02-05,13.3445
2013-02-06,13.111
2013-02-07,13.0115
2013-02-08,13.0975
2013-02-11,12.8605
2013-02-12,12.935
2013-02-13,13.4735
2013-02-14,13.462
2013-02-15,13.2545
2013-02-19,13.4875
2013-02-20,13.3205
2013-02-21,13.297
2013-02-22,13.271
2013-02-25,12.9935
2013-02-26,12.968
2013-02-27,13.1625
2013-02-28,13.2135
2013-03-01,13.287
2013-03-04,13.6555
2013-03-05,13.7795
2013-03-06,13.6895
2013-03-07,13.694
2013-03-08,13.7095
2013-03-11,13.562
2013-03-12,13.7065
2013-03-13,13.755
2013-03-14,13.287
2013-03-15,13.091
2013-03-18,12.8945
2013-03-19,12.8205
2013-03-20,12.864
2013-03-21,12.6695
2013-03-22,12.8875
2013-03-25,12.801
2013-03-26,13.0155
2013-03-27,13.265
2013-03-28,13.3245
2013-04-01,13.0805
2013-04-02,13.166
2013-04-03,12.9515
2013-04-04,12.954
2013-04-05,12.774
2013-04-08,12.9475
2013-04-09,13.057
2013-04-10,13.2385
2013-04-11,13.4925
2013-04-12,13.6435
2013-04-15,13.386
2013-04-16,13.617
2013-04-17,13.37
2013-04-18,12.971
2013-04-19,13.016
2013-04-22,13.1775
2013-04-23,13.445
2013-04-24,13.439
2013-04-25,13.735
2013-04-26,12.7405
2013-04-29,12.487
2013-04-30,12.6905
2013-05-01,12.4115
2013-05-02,12.6275
2013-05-03,12.9025
2013-05-06,12.786
2013-05-07,12.8865
2013-05-08,12.934
2013-05-09,13.008
2013-05-10,13.1815
2013-05-13,13.2255
2013-05-14,13.4165
2013-05-15,13.328
2013-05-16,13.206
2013-05-17,13.495
2013-05-20,13.3815
2013-05-21,13.443
2013-05-22,13.148
2013-05-23,13.09
2013-05-24,13.087
2013-05-28,13.3645
2013-05-29,13.2765
2013-05-30,13.3415
2013-05-31,13.46
2013-06-03,13.344
2013-06-04,13.285
2013-06-05,13.3585
2013-06-06,13.3915
2013-06-07,13.8435
2013-06-10,14.0535
2013-06-11,13.739
2013-06-12,13.5835
2013-06-13,13.7895
2013-06-14,13.6995
2013-06-17,13.903
2013-06-18,14.088
2013-06-19,13.908
2013-06-20,13.672
2013-06-21,13.668
2013-06-24,13.5305
2013-06-25,13.6045
2013-06-26,13.8785
2013-06-27,13.8775
2013-06-28,13.8845
2013-07-01,14.105
2013-07-02,14.1865
2013-07-03,14.2015
2013-07-05,14.294
2013-07-08,14.5295
2013-07-09,14.5765
2013-07-10,14.6165
2013-07-11,14.983
2013-07-12,15.3775
2013-07-15,15.3285
2013-07-16,15.3435
2013-07-17,15.4345
2013-07-18,15.2055
2013-07-19,15.2615
2013-07-22,15.174
2013-07-23,15.053
2013-07-24,14.947
2013-07-25,15.17
2013-07-26,15.6005
2013-07-29,15.305
2013-07-30,15.1205
2013-07-31,15.061
2013-08-01,15.2785
2013-08-02,15.2105
2013-08-05,15.0495
2013-08-06,15.0375
2013-08-07,14.8455
2013-08-08,14.787
2013-08-09,14.863
2013-08-12,14.8345
2013-08-13,14.6985
2013-08-14,14.567
2013-08-15,14.3235
2013-08-16,14.241
2013-08-19,14.2785
2013-08-20,14.3545
2013-08-21,14.2285
2013-08-22,14.4865
2013-08-23,14.5005
2013-08-26,14.3105
2013-08-27,14.0465
2013-08-28,14.079
2013-08-29,14.199
2013-08-30,14.049
2013-09-03,14.44
2013-09-04,14.682
2013-09-05,14.705
2013-09-06,14.793
2013-09-09,14.9855
2013-09-10,15.018
2013-09-11,14.982
2013-09-12,14.943
2013-09-13,14.896
2013-09-16,14.803
2013-09-17,15.2085
2013-09-18,15.6015
2013-09-19,15.603
2013-09-20,15.817
2013-09-23,15.5745
2013-09-24,15.7065
2013-09-25,15.6325
2013-09-26,15.906
2013-09-27,15.8005
2013-09-30,15.632
2013-10-01,16.0475
2013-10-02,16.0255
2013-10-03,15.738
2013-10-04,15.952
2013-10-07,15.5015
2013-10-08,15.1615
2013-10-09,14.9115
2013-10-10,15.2585
2013-10-11,15.5445
2013-10-14,15.535
2013-10-15,15.32
2013-10-16,15.5245
2013-10-17,15.5385
2013-10-18,16.4465
2013-10-21,16.322
2013-10-22,16.627
2013-10-23,16.338
2013-10-24,16.6105
2013-10-25,18.1695
2013-10-28,17.908
2013-10-29,18.135
2013-10-30,18.054
2013-10-31,18.2015
2013-11-01,17.95
2013-11-04,17.937
2013-11-05,17.9445
2013-11-06,17.809
2013-11-07,17.178
2013-11-08,17.5155
2013-11-11,17.719
2013-11-12,17.4765
2013-11-13,17.811
2013-11-14,18.37
2013-11-15,18.4585
2013-11-18,18.309
2013-11-19,18.247
2013-11-20,18.1285
2013-11-21,18.446
2013-11-22,18.6155
2013-11-25,18.832
2013-11-26,19.0685
2013-11-27,19.3355
2013-11-29,19.681
2013-12-02,19.615
2013-12-03,19.233
2013-12-04,19.298
2013-12-05,19.2245
2013-12-06,19.3475
2013-12-09,19.2445
2013-12-10,19.389
2013-12-11,19.1095
2013-12-12,19.0625
2013-12-13,19.212
2013-12-16,19.4485
2013-12-17,19.3825
2013-12-18,19.798
2013-12-19,19.7595
2013-12-20,20.11
2013-12-23,20.146
2013-12-24,19.96
2013-12-26,20.2195
2013-12-27,19.904
2013-12-30,19.6685
2013-12-31,19.9395
2014-01-02,19.8985
2014-01-03,19.822
2014-01-06,19.6815
2014-01-07,19.9015
2014-01-08,20.096
2014-01-09,20.0505
2014-01-10,19.883
2014-01-13,19.549
2014-01-14,19.877
2014-01-15,19.7935
2014-01-16,19.79
2014-01-17,19.9805
2014-01-21,20.3525
2014-01-22,20.227
2014-01-23,19.9935
2014-01-24,19.38
2014-01-27,19.314
2014-01-28,19.7215
2014-01-29,19.21
2014-01-30,20.1505
2014-01-31,17.9345
2014-02-03,17.3075
2014-02-04,17.3975
2014-02-05,17.3225
2014-02-06,17.7295
2014-02-07,18.054
2014-02-10,18.0435
2014-02-11,18.0895
2014-02-12,17.4625
2014-02-13,17.86
2014-02-14,17.8675
2014-02-18,17.6825
2014-02-19,17.369
2014-02-20,17.49
2014-02-21,17.338
2014-02-24,17.589
2014-02-25,17.916
2014-02-26,17.99
2014-02-27,18.0065
2014-02-28,18.105
2014-03-03,17.989
2014-03-04,18.195
2014-03-05,18.6185
2014-03-06,18.608
2014-03-07,18.603
2014-03-10,18.5265
2014-03-11,18.441
2014-03-12,18.532
2014-03-13,18.5755
2014-03-14,18.687
2014-03-17,18.752
2014-03-18,18.9385
2014-03-19,18.6615
2014-03-20,18.4485
2014-03-21,18.031
2014-03-24,17.5925
2014-03-25,17.7355
2014-03-26,17.1705
2014-03-27,16.9235
2014-03-28,16.9145
2014-03-31,16.818
2014-04-01,17.1495
2014-04-02,17.098
2014-04-03,16.681
2014-04-04,16.15
2014-04-07,15.888
2014-04-08,16.3535
2014-04-09,16.59
2014-04-10,15.8555
2014-04-11,15.5865
2014-04-14,15.7955
2014-04-15,15.804
2014-04-16,16.184
2014-04-17,16.2455
2014-04-21,16.5435
2014-04-22,16.466
2014-04-23,16.229
2014-04-24,16.8575
2014-04-25,15.1915
2014-04-28,14.829
2014-04-29,15.019
2014-04-30,15.2065
2014-05-01,15.3945
2014-05-02,15.4005
2014-05-05,15.5025
2014-05-06,14.869
2014-05-07,14.6355
2014-05-08,14.416
2014-05-09,14.612
2014-05-12,15.143
2014-05-13,15.232
2014-05-14,14.881
2014-05-15,14.7595
2014-05-16,14.885
2014-05-19,14.838
2014-05-20,15.0595
2014-05-21,15.2505
2014-05-22,15.2455
2014-05-23,15.612
2014-05-27,15.541
2014-05-28,15.508
2014-05-29,15.689
2014-05-30,15.6275
2014-06-02,15.442
2014-06-03,15.3595
2014-06-04,15.339
2014-06-05,16.1785
2014-06-06,16.4835
2014-06-09,16.375
2014-06-10,16.6205
2014-06-11,16.76
2014-06-12,16.2955
2014-06-13,16.3135
2014-06-16,16.381
2014-06-17,16.281
2014-06-18,16.719
2014-06-19,16.35
2014-06-20,16.21
2014-06-23,16.362
2014-06-24,16.208
2014-06-25,16.372
2014-06-26,16.2845
2014-06-27,16.2285
2014-06-30,16.239
2014-07-01,16.6195
2014-07-02,16.6425
2014-07-03,16.8745
2014-07-07,16.6775
2014-07-08,16.1905
2014-07-09,16.4985
2014-07-10,16.396
2014-07-11,17.31
2014-07-14,17.766
2014-07-15,17.722
2014-07-16,17.795
2014-07-17,17.6225
2014-07-18,17.933
2014-07-21,17.988
2014-07-22,18.042
2014-07-23,17.907
2014-07-24,17.9305
2014-07-25,16.2005
2014-07-28,16.0205
2014-07-29,16.0
2014-07-30,16.1255
2014-07-31,15.6495
2014-08-01,15.353
2014-08-04,15.6825
2014-08-05,15.616
2014-08-06,15.6945
2014-08-07,15.5725
2014-08-08,15.84
2014-08-11,15.9165
2014-08-12,15.966
2014-08-13,16.314
2014-08-14,16.6605
2014-08-15,16.6815
2014-08-18,16.7265
2014-08-19,16.7565
2014-08-20,16.789
2014-08-21,16.6455
2014-08-22,16.5795
2014-08-25,16.701
2014-08-26,17.0915
2014-08-27,17.159
2014-08-28,17.001
2014-08-29,16.952
2014-09-02,17.119
2014-09-03,16.95
2014-09-04,17.2975
2014-09-05,17.319
2014-09-08,17.117
2014-09-09,16.4875
2014-09-10,16.5665
2014-09-11,16.526
2014-09-12,16.5595
2014-09-15,16.1945
2014-09-16,16.388
2014-09-17,16.2
2014-09-18,16.25
2014-09-19,16.566
2014-09-22,16.225
2014-09-23,16.1815
2014-09-24,16.4105
2014-09-25,16.0965
2014-09-26,16.1605
2014-09-29,16.091
2014-09-30,16.122
2014-10-01,15.873
2014-10-02,15.9205
2014-10-03,16.137
2014-10-06,16.11
2014-10-07,15.849
2014-10-08,16.135
2014-10-09,15.7685
2014-10-10,15.5695
2014-10-13,15.3225
2014-10-14,15.4155
2014-10-15,15.2985
2014-10-16,15.143
2014-10-17,15.182
2014-10-20,15.3105
2014-10-21,15.7665
2014-10-22,15.6485
2014-10-23,15.659
2014-10-24,14.353
2014-10-27,14.4985
2014-10-28,14.7795
2014-10-29,14.706
2014-10-30,14.9535
2014-10-31,15.273
2014-11-03,15.286
2014-11-04,15.1405
2014-11-05,14.826
2014-11-06,14.832
2014-11-07,14.993
2014-11-10,15.2555
2014-11-11,15.6005
2014-11-12,15.5755
2014-11-13,15.824
2014-11-14,16.391
2014-11-17,16.1525
2014-11-18,16.2465
2014-11-19,16.327
2014-11-20,16.527
2014-11-21,16.6315
2014-11-24,16.782
2014-11-25,16.752
2014-11-26,16.6785
2014-11-28,16.932
2014-12-01,16.3
2014-12-02,16.3155
2014-12-03,15.825
2014-12-04,15.8465
2014-12-05,15.6315
2014-12-08,15.332
2014-12-09,15.625
2014-12-10,15.292
2014-12-11,15.368
2014-12-12,15.366
2014-12-15,15.3035
2014-12-16,14.753
2014-12-17,14.944
2014-12-18,14.8865
2014-12-19,14.995
2014-12-22,15.327
2014-12-23,15.3145
2014-12-24,15.1515
2014-12-26,15.4545
2014-12-29,15.602
2014-12-30,15.515
2014-12-31,15.5175
2015-01-02,15.426
2015-01-05,15.1095
2015-01-06,14.7645
2015-01-07,14.921
2015-01-08,15.023
2015-01-09,14.8465
2015-01-12,14.5705
2015-01-13,14.737
2015-01-14,14.6635
2015-01-15,14.3475
2015-01-16,14.537
2015-01-20,14.472
2015-01-21,14.8625
2015-01-22,15.516
2015-01-23,15.6195
2015-01-26,15.483
2015-01-27,15.3375
2015-01-28,15.1955
2015-01-29,15.589
2015-01-30,17.7265
2015-02-02,18.2235
2015-02-03,18.1775
2015-02-04,18.2375
2015-02-05,18.6945
2015-02-06,18.714
2015-02-09,18.528
2015-02-10,18.6495
2015-02-11,18.757
2015-02-12,18.8585
2015-02-13,19.0915
2015-02-17,18.7715
2015-02-18,18.6685
2015-02-19,18.9495
2015-02-20,19.183
2015-02-23,19.007
2015-02-24,18.9295
2015-02-25,19.2685
2015-02-26,19.24
2015-02-27,19.008
2015-03-02,19.2825
2015-03-03,19.2305
2015-03-04,19.136
2015-03-05,19.3915
2015-03-06,19.0045
2015-03-09,18.928
2015-03-10,18.4755
2015-03-11,18.3185
2015-03-12,18.712
2015-03-13,18.529
2015-03-16,18.6675
2015-03-17,18.596
2015-03-18,18.757
2015-03-19,18.662
2015-03-20,18.9245
2015-03-23,18.7555
2015-03-24,18.7045
2015-03-25,18.548
2015-03-26,18.3675
2015-03-27,18.528
2015-03-30,18.7295
2015-03-31,18.605
2015-04-01,18.513
2015-04-02,18.6125
2015-04-06,18.852
2015-04-07,18.7205
2015-04-08,19.06
2015-04-09,19.177
2015-04-10,19.1325
2015-04-13,19.118
2015-04-14,19.2555
2015-04-15,19.1725
2015-04-16,19.302
2015-04-17,18.778
2015-04-20,19.4755
2015-04-21,19.559
2015-04-22,19.49
2015-04-23,19.4995
2015-04-24,22.255
2015-04-27,21.928
2015-04-28,21.4655
2015-04-29,21.4685
2015-04-30,21.089
2015-05-01,21.1435
2015-05-04,21.152
2015-05-05,21.0595
2015-05-06,20.955
2015-05-07,21.344
2015-05-08,21.6845
2015-05-11,21.6425
2015-05-12,21.551
2015-05-13,21.3435
2015-05-14,21.614
2015-05-15,21.3
2015-05-18,21.262
2015-05-19,21.0855
2015-05-20,21.193
2015-05-21,21.5815
2015-05-22,21.3815
2015-05-26,21.2735
2015-05-27,21.571
2015-05-28,21.3285
2015-05-29,21.4615
2015-06-01,21.546
2015-06-02,21.5495
2015-06-03,21.8295
2015-06-04,21.539
2015-06-05,21.3475
2015-06-08,21.175
2015-06-09,21.274
2015-06-10,21.5385
2015-06-11,21.6485
2015-06-12,21.496
2015-06-15,21.1835
2015-06-16,21.363
2015-06-17,21.3905
2015-06-18,21.9695
2015-06-19,21.746
2015-06-22,21.8145
2015-06-23,22.2995
2015-06-24,22.042
2015-06-25,22.005
2015-06-26,21.905
2015-06-29,21.493
2015-06-30,21.7045
2015-07-01,21.8695
2015-07-02,21.8855
2015-07-06,21.802
2015-07-07,21.836
2015-07-08,21.485
2015-07-09,21.7195
2015-07-10,22.1755
2015-07-13,22.7785
2015-07-14,23.2785
2015-07-15,23.0595
2015-07-16,23.774
2015-07-17,24.1505
2015-07-20,24.405
2015-07-21,24.4
2015-07-22,24.4135
2015-07-23,24.109
2015-07-24,26.471
2015-07-27,26.5705
2015-07-28,26.3015
2015-07-29,26.45
2015-07-30,26.838
2015-07-31,26.8075
2015-08-03,26.7515
2015-08-04,26.595
2015-08-05,26.8505
2015-08-06,26.473
2015-08-07,26.131
2015-08-10,26.2
2015-08-11,26.373
2015-08-12,26.2955
2015-08-13,26.483
2015-08-14,26.576
2015-08-17,26.761
2015-08-18,26.751
2015-08-19,26.646
2015-08-20,25.789
2015-08-21,24.7235
2015-08-24,23.1685
2015-08-25,23.3185
2015-08-26,25.0385
2015-08-27,25.9185
2015-08-28,25.9005
2015-08-31,25.6445
2015-09-01,24.827
2015-09-02,25.5275
2015-09-03,25.236
2015-09-04,24.95
2015-09-08,25.877
2015-09-09,25.8445
2015-09-10,26.112
2015-09-11,26.472
2015-09-14,26.069
2015-09-15,26.1185
2015-09-16,26.3695
2015-09-17,26.9435
2015-09-18,27.013
2015-09-21,27.4195
2015-09-22,26.92
2015-09-23,26.8035
2015-09-24,26.6875
2015-09-25,26.2125
2015-09-28,25.203
2015-09-29,24.8035
2015-09-30,25.5945
2015-10-01,26.036
2015-10-02,26.627
2015-10-05,27.184
2015-10-06,26.874
2015-10-07,27.097
2015-10-08,26.658
2015-10-09,26.99
2015-10-12,27.5095
2015-10-13,27.445
2015-10-14,27.2415
2015-10-15,28.122
2015-10-16,28.538
2015-10-19,28.6575
2015-10-20,28.044
2015-10-21,27.7885
2015-10-22,28.1955
2015-10-23,29.9515
2015-10-26,30.4305
2015-10-27,30.5505
2015-10-28,30.855
2015-10-29,31.3275
2015-10-30,31.295
2015-11-02,31.4175
2015-11-03,31.2655
2015-11-04,32.0475
2015-11-05,32.7825
2015-11-06,32.9685
2015-11-09,32.7745
2015-11-10,32.984
2015-11-11,33.6625
2015-11-12,33.28
2015-11-13,32.1175
2015-11-16,32.3905
2015-11-17,32.165
2015-11-18,33.177
2015-11-19,33.0635
2015-11-20,33.4225
2015-11-23,33.9495
2015-11-24,33.5575
2015-11-25,33.767
2015-11-27,33.663
2015-11-30,33.24
2015-12-01,33.953
2015-12-02,33.8005
2015-12-03,33.3125
2015-12-04,33.632
2015-12-07,33.4915
2015-12-08,33.8665
2015-12-09,33.2395
2015-12-10,33.116
2015-12-11,32.0075
2015-12-14,32.8955
2015-12-15,32.932
2015-12-16,33.7885
2015-12-17,33.5325
2015-12-18,33.207
2015-12-21,33.2255
2015-12-22,33.1575
2015-12-23,33.185
2015-12-24,33.1395
2015-12-28,33.76
2015-12-29,34.6985
2015-12-30,34.4535
2015-12-31,33.7945
2016-01-04,31.8495
2016-01-05,31.6895
2016-01-06,31.6325
2016-01-07,30.397
2016-01-08,30.3525
2016-01-11,30.887
2016-01-12,30.8945
2016-01-13,29.0905
2016-01-14,29.65
2016-01-15,28.509
2016-01-19,28.724
2016-01-20,28.5885
2016-01-21,28.751
2016-01-22,29.819
2016-01-25,29.8265
2016-01-26,30.0625
2016-01-27,29.1675
2016-01-28,31.7675
2016-01-29,29.2805
2016-02-01,28.7405
2016-02-02,27.605
2016-02-03,26.5535
2016-02-04,26.813
2016-02-05,25.1065
2016-02-08,24.405
2016-02-09,24.1035
2016-02-10,24.524
2016-02-11,25.191
2016-02-12,25.354
2016-02-16,26.055
2016-02-17,26.705
2016-02-18,26.25
2016-02-19,26.745
2016-02-22,27.975
2016-02-23,27.647
2016-02-24,27.702
2016-02-25,27.7575
2016-02-26,27.7615
2016-02-29,27.626
2016-03-01,28.952
2016-03-02,29.0105
2016-03-03,28.8745
2016-03-04,28.757
2016-03-07,28.14
2016-03-08,28.013
2016-03-09,27.9735
2016-03-10,27.9465
2016-03-11,28.4805
2016-03-14,28.6685
2016-03-15,28.851
2016-03-16,28.7135
2016-03-17,27.972
2016-03-18,27.604
2016-03-21,27.699
2016-03-22,28.024
2016-03-23,28.4815
2016-03-24,29.1475
2016-03-28,28.9935
2016-03-29,29.693
2016-03-30,29.9345
2016-03-31,29.682
2016-04-01,29.925
2016-04-04,29.6595
2016-04-05,29.307
2016-04-06,30.104
2016-04-07,29.5715
2016-04-08,29.73
2016-04-11,29.7965
2016-04-12,30.1585
2016-04-13,30.741
2016-04-14,31.0375
2016-04-15,31.2945
2016-04-18,31.7675
2016-04-19,31.395
2016-04-20,31.6495
2016-04-21,31.55
2016-04-22,31.025
2016-04-25,31.31
2016-04-26,30.844
2016-04-27,30.3285
2016-04-28,30.1
2016-04-29,32.9795
2016-05-02,34.1925
2016-05-03,33.566
2016-05-04,33.549
2016-05-05,32.9525
2016-05-06,33.6975
2016-05-09,33.9875
2016-05-10,35.1535
2016-05-11,35.678
2016-05-12,35.8965
2016-05-13,35.496
2016-05-16,35.533
2016-05-17,34.7635
2016-05-18,34.8725
2016-05-19,34.926
2016-05-20,35.14
2016-05-23,34.8375
2016-05-24,35.21
2016-05-25,35.4175
2016-05-26,35.7455
2016-05-27,35.612
2016-05-31,36.1395
2016-06-01,35.972
2016-06-02,36.412
2016-06-03,36.277
2016-06-06,36.3365
2016-06-07,36.187
2016-06-08,36.332
2016-06-09,36.3825
2016-06-10,35.901
2016-06-13,35.762
2016-06-14,35.965
2016-06-15,35.713
2016-06-16,35.8755
2016-06-17,35.3195
2016-06-20,35.7005
2016-06-21,35.791
2016-06-22,35.53
2016-06-23,36.104
2016-06-24,34.948
2016-06-27,34.568
2016-06-28,35.3975
2016-06-29,35.773
2016-06-30,35.781
2016-07-01,36.281
2016-07-05,36.405
2016-07-06,36.8785
2016-07-07,36.8285
2016-07-08,37.2905
2016-07-11,37.689
2016-07-12,37.4105
2016-07-13,37.1315
2016-07-14,37.06
2016-07-15,36.7715
2016-07-18,36.8035
2016-07-19,36.9975
2016-07-20,37.286
2016-07-21,37.2215
2016-07-22,37.243
2016-07-25,36.9805
2016-07-26,36.7795
2016-07-27,36.8335
2016-07-28,37.6305
2016-07-29,37.9405
2016-08-01,38.387
2016-08-02,38.029
2016-08-03,37.7275
2016-08-04,38.0385
2016-08-05,38.299
2016-08-08,38.328
2016-08-09,38.4155
2016-08-10,38.428
2016-08-11,38.562
2016-08-12,38.628
2016-08-15,38.4245
2016-08-16,38.202
2016-08-17,38.2315
2016-08-18,38.223
2016-08-19,37.8655
2016-08-22,37.974
2016-08-23,38.1225
2016-08-24,37.8625
2016-08-25,37.961
2016-08-26,38.45
2016-08-29,38.5645
2016-08-30,38.379
2016-08-31,38.458
2016-09-01,38.531
2016-09-02,38.622
2016-09-06,39.443
2016-09-07,39.224
2016-09-08,39.203
2016-09-09,38.0925
2016-09-12,38.5745
2016-09-13,38.0505
2016-09-14,38.0545
2016-09-15,38.4845
2016-09-16,38.926
2016-09-19,38.755
2016-09-20,39.011
2016-09-21,39.487
2016-09-22,40.235
2016-09-23,40.2905
2016-09-26,39.958
2016-09-27,40.8055
2016-09-28,41.436
2016-09-29,41.4525
2016-09-30,41.8655
2016-10-03,41.837
2016-10-04,41.7015
2016-10-05,42.218
2016-10-06,42.083
2016-10-07,41.9715
2016-10-10,42.0855
2016-10-11,41.55
2016-10-12,41.7045
2016-10-13,41.473
2016-10-14,41.148
2016-10-17,40.6475
2016-10-18,40.8825
2016-10-19,40.8845
2016-10-20,40.516
2016-10-21,40.9495
2016-10-24,41.9045
2016-10-25,41.759
2016-10-26,41.1295
2016-10-27,40.918
2016-10-28,38.816
2016-10-31,39.491
2016-11-01,39.2705
2016-11-02,38.278
2016-11-03,38.3515
2016-11-04,37.7525
2016-11-07,39.2468
2016-11-08,39.3875
2016-11-09,38.594
2016-11-10,37.119
2016-11-11,36.9505
2016-11-14,35.9535
2016-11-15,37.162
2016-11-16,37.3245
2016-11-17,37.8195
2016-11-18,38.008
2016-11-21,39.0
2016-11-22,39.2665
2016-11-23,39.006
2016-11-25,39.0185
2016-11-28,38.3385
2016-11-29,38.126
2016-11-30,37.5285
2016-12-01,37.1825
2016-12-02,37.017
2016-12-05,37.968
2016-12-06,38.236
2016-12-07,38.521
2016-12-08,38.3665
2016-12-09,38.433
2016-12-12,38.006
2016-12-13,38.717
2016-12-14,38.441
2016-12-15,38.05
2016-12-16,37.8885
2016-12-19,38.3
2016-12-20,38.561
2016-12-21,38.53
2016-12-22,38.313
2016-12-23,38.0295
2016-12-27,38.57
2016-12-28,38.6065
2016-12-29,38.2575
2016-12-30,37.4935
2017-01-03,37.6835
2017-01-04,37.859
2017-01-05,39.0225
2017-01-06,39.7995
2017-01-09,39.846
2017-01-10,39.795
2017-01-11,39.951
2017-01-12,40.682
2017-01-13,40.862
2017-01-17,40.486
2017-01-18,40.374
2017-01-19,40.452
2017-01-20,40.4165
2017-01-23,40.894
2017-01-24,41.122
2017-01-25,41.826
2017-01-26,41.9575
2017-01-27,41.7875
2017-01-30,41.519
2017-01-31,41.174
2017-02-01,41.6175
2017-02-02,41.9975
2017-02-03,40.51
2017-02-06,40.382
2017-02-07,40.625
2017-02-08,40.9855
2017-02-09,41.068
2017-02-10,41.373
2017-02-13,41.8265
2017-02-14,41.8195
2017-02-15,42.135
2017-02-16,42.214
2017-02-17,42.2535
2017-02-21,42.822
2017-02-22,42.7805
2017-02-23,42.6095
2017-02-24,42.262
2017-02-27,42.432
2017-02-28,42.252
2017-03-01,42.654
2017-03-02,42.4455
2017-03-03,42.494
2017-03-06,42.3305
2017-03-07,42.301
2017-03-08,42.525
2017-03-09,42.65
2017-03-10,42.61
2017-03-13,42.7295
2017-03-14,42.6265
2017-03-15,42.6485
2017-03-16,42.671
2017-03-17,42.6155
2017-03-20,42.8485
2017-03-21,42.16
2017-03-22,42.403
2017-03-23,42.369
2017-03-24,42.2805
2017-03-27,42.341
2017-03-28,42.8
2017-03-29,43.716
2017-03-30,43.817
2017-03-31,44.327
2017-04-03,44.5755
2017-04-04,45.3415
2017-04-05,45.464
2017-04-06,44.914
2017-04-07,44.744
2017-04-10,45.352
2017-04-11,45.118
2017-04-12,44.8115
2017-04-13,44.2335
2017-04-17,45.0995
2017-04-18,45.189
2017-04-19,44.96
2017-04-20,45.103
2017-04-21,44.9265
2017-04-24,45.3705
2017-04-25,45.3815
2017-04-26,45.4645
2017-04-27,45.919
2017-04-28,46.2495
2017-05-01,47.4115
2017-05-02,47.347
2017-05-03,47.0515
2017-05-04,46.8765
2017-05-05,46.7075
2017-05-08,47.452
2017-05-09,47.641
2017-05-10,47.4475
2017-05-11,47.381
2017-05-12,48.0675
2017-05-15,47.8985
2017-05-16,48.3035
2017-05-17,47.238
2017-05-18,47.9245
2017-05-19,47.992
2017-05-22,48.5335
2017-05-23,48.577
2017-05-24,49.0175
2017-05-25,49.669
2017-05-26,49.789
2017-05-30,49.835
2017-05-31,49.731
2017-06-01,49.7975
2017-06-02,50.3365
2017-06-05,50.567
2017-06-06,50.15
2017-06-07,50.5035
2017-06-08,50.5135
2017-06-09,48.9155
2017-06-12,48.2455
2017-06-13,49.0395
2017-06-14,48.8235
2017-06-15,48.2085
2017-06-16,49.3855
2017-06-19,49.7585
2017-06-20,49.6295
2017-06-21,50.1115
2017-06-22,50.065
2017-06-23,50.187
2017-06-26,49.699
2017-06-27,48.839
2017-06-28,49.5165
2017-06-29,48.7965
2017-06-30,48.4
2017-07-03,47.683
2017-07-05,48.57
2017-07-06,48.257
2017-07-07,48.938
2017-07-10,49.8235
2017-07-11,49.7065
2017-07-12,50.3255
2017-07-13,50.0315
2017-07-14,50.0905
2017-07-17,50.502
2017-07-18,51.2225
2017-07-19,51.3435
2017-07-20,51.435
2017-07-21,51.2835
2017-07-24,51.9475
2017-07-25,52.0065
2017-07-26,52.64
2017-07-27,52.3
2017-07-28,51.002
2017-07-31,49.389
2017-08-01,49.8095
2017-08-02,49.7945
2017-08-03,49.346
2017-08-04,49.3705
2017-08-07,49.6135
2017-08-08,49.492
2017-08-09,49.1005
2017-08-10,47.846
2017-08-11,48.3995
2017-08-14,49.165
2017-08-15,49.137
2017-08-16,48.909
2017-08-17,48.0285
2017-08-18,47.9235
2017-08-21,47.6645
2017-08-22,48.345
2017-08-23,47.9
2017-08-24,47.6225
2017-08-25,47.263
2017-08-28,47.301
2017-08-29,47.703
2017-08-30,48.3795
2017-08-31,49.03
2017-09-01,48.9125
2017-09-05,48.2635
2017-09-06,48.39
2017-09-07,48.9735
2017-09-08,48.295
2017-09-11,48.898
2017-09-12,49.129
2017-09-13,49.98
2017-09-14,49.6105
2017-09-15,49.3395
2017-09-18,48.7095
2017-09-19,48.493
2017-09-20,48.6605
2017-09-21,48.2325
2017-09-22,47.755
2017-09-25,46.9895
2017-09-26,46.93
2017-09-27,47.5435
2017-09-28,47.82
2017-09-29,48.0675
2017-10-02,47.9595
2017-10-03,47.855
2017-10-04,48.2725
2017-10-05,49.0425
2017-10-06,49.4755
2017-10-09,49.5495
2017-10-10,49.36
2017-10-11,49.75
2017-10-12,50.0465
2017-10-13,50.147
2017-10-16,50.317
2017-10-17,50.4565
2017-10-18,49.85
2017-10-19,49.3305
2017-10-20,49.1455
2017-10-23,48.315
2017-10-24,48.795
2017-10-25,48.6455
2017-10-26,48.6215
2017-10-27,55.0475
2017-10-30,55.5425
2017-10-31,55.264
2017-11-01,55.184
2017-11-02,54.711
2017-11-03,55.58
2017-11-06,56.033
2017-11-07,56.1585
2017-11-08,56.644
2017-11-09,56.4565
2017-11-10,56.2675
2017-11-13,56.4585
2017-11-14,56.842
2017-11-15,56.3345
2017-11-16,56.8645
2017-11-17,56.494
2017-11-20,56.3155
2017-11-21,56.9745
2017-11-22,57.808
2017-11-24,59.3
2017-11-27,59.7915
2017-11-28,59.68
2017-11-29,58.0605
2017-11-30,58.8375
2017-12-01,58.1175
2017-12-04,56.6975
2017-12-05,57.0785
2017-12-06,57.647
2017-12-07,57.9895
2017-12-08,58.1
2017-12-11,58.4575
2017-12-12,58.254
2017-12-13,58.2065
2017-12-14,58.713
2017-12-15,58.949
2017-12-18,59.529
2017-12-19,59.3715
2017-12-20,58.881
2017-12-21,58.738
2017-12-22,58.418
2017-12-26,58.838
2017-12-27,59.113
2017-12-28,59.305
2017-12-29,58.4735
2018-01-02,59.45
2018-01-03,60.21
2018-01-04,60.482
2018-01-05,61.457
2018-01-08,62.3435
2018-01-09,62.635
2018-01-10,62.7165
2018-01-11,63.834
2018-01-12,65.26
2018-01-16,65.243
2018-01-17,64.75
2018-01-18,64.666
2018-01-19,64.729
2018-01-22,66.3655
2018-01-23,68.127
2018-01-24,67.8755
2018-01-25,68.8975
2018-01-26,70.1025
2018-01-29,70.884
2018-01-30,71.891
2018-01-31,72.5445
2018-02-01,69.5
2018-02-02,71.4975
2018-02-05,69.5
2018-02-06,72.142
2018-02-07,70.7575
2018-02-08,67.525
2018-02-09,66.98
2018-02-12,69.3665
2018-02-13,70.7255
2018-02-14,72.5525
2018-02-15,73.088
2018-02-16,72.4345
2018-02-20,73.418
2018-02-21,74.146
2018-02-22,74.267
2018-02-23,75.0
2018-02-26,76.0975
2018-02-27,75.599
2018-02-28,75.6225
2018-03-01,74.6725
2018-03-02,75.0125
2018-03-05,76.1805
2018-03-06,76.882
2018-03-07,77.25
2018-03-08,77.593
2018-03-09,78.9445
2018-03-12,79.9195
2018-03-13,79.409
2018-03-14,79.55
2018-03-15,79.116
2018-03-16,78.584
2018-03-19,77.2465
2018-03-20,79.3255
2018-03-21,79.093
2018-03-22,77.246
2018-03-23,74.778
2018-03-26,77.793
2018-03-27,74.8525
2018-03-28,71.571
2018-03-29,72.367
2018-04-02,68.5995
2018-04-03,69.6025
2018-04-04,70.5285
2018-04-05,72.5875
2018-04-06,70.2615
2018-04-09,70.304
2018-04-10,71.811
2018-04-11,71.3525
2018-04-12,72.425
2018-04-13,71.5395
2018-04-16,72.075
2018-04-17,75.1915
2018-04-18,76.392
2018-04-19,77.8455
2018-04-20,76.3745
2018-04-23,75.893
2018-04-24,73.0045
2018-04-25,73.0085
2018-04-26,75.898
2018-04-27,78.631
2018-04-30,78.3065
2018-05-01,79.113
2018-05-02,78.484
2018-05-03,78.604
2018-05-04,79.0475
2018-05-07,80.007
2018-05-08,79.6195
2018-05-09,80.4
2018-05-10,80.454
2018-05-11,80.166
2018-05-14,80.077
2018-05-15,78.806
2018-05-16,79.364
2018-05-17,79.088
2018-05-18,78.7185
2018-05-21,79.273
2018-05-22,79.07
2018-05-23,80.093
2018-05-24,80.1535
2018-05-25,80.5075
2018-05-29,80.6435
2018-05-30,81.2445
2018-05-31,81.481
2018-06-01,82.077
2018-06-04,83.2635
2018-06-05,84.8175
2018-06-06,84.7875
2018-06-07,84.465
2018-06-08,84.1995
2018-06-11,84.456
2018-06-12,84.9375
2018-06-13,85.243
2018-06-14,86.193
2018-06-15,85.7985
2018-06-18,86.1895
2018-06-19,86.739
2018-06-20,87.504
2018-06-21,86.511
2018-06-22,85.7835
2018-06-25,83.1575
2018-06-26,84.5545
2018-06-27,83.0255
2018-06-28,85.0725
2018-06-29,84.99
2018-07-02,85.689
2018-07-03,84.698
2018-07-05,84.9865
2018-07-06,85.5315
2018-07-09,86.951
2018-07-10,87.1535
2018-07-11,87.75
2018-07-12,89.831
2018-07-13,90.6515
2018-07-16,91.1245
2018-07-17,92.1965
2018-07-18,92.146
2018-07-19,90.6485
2018-07-20,90.685
2018-07-23,90.1
2018-07-24,91.462
2018-07-25,93.1805
2018-07-26,90.4
2018-07-27,90.8635
2018-07-30,88.961
2018-07-31,88.872
2018-08-01,89.8585
2018-08-02,91.7165
2018-08-03,91.1645
2018-08-06,92.3875
2018-08-07,93.124
2018-08-08,94.326
2018-08-09,94.926
2018-08-10,94.315
2018-08-13,94.81
2018-08-14,95.9825
2018-08-15,94.131
2018-08-16,94.326
2018-08-17,94.111
2018-08-20,93.8355
2018-08-21,94.171
2018-08-22,95.245
2018-08-23,95.145
2018-08-24,95.2695
2018-08-27,96.384
2018-08-28,96.641
2018-08-29,99.905
2018-08-30,100.119
2018-08-31,100.636
2018-09-04,101.976
2018-09-05,99.741
2018-09-06,97.9155
2018-09-07,97.6035
2018-09-10,96.9505
2018-09-11,99.3575
2018-09-12,99.5
2018-09-13,99.4935
2018-09-14,98.5095
2018-09-17,95.4015
2018-09-18,97.0525
2018-09-19,96.321
2018-09-20,97.215
2018-09-21,95.7505
2018-09-24,96.718
2018-09-25,98.7275
2018-09-26,98.7425
2018-09-27,100.649
2018-09-28,100.15
2018-10-01,100.218
2018-10-02,98.5655
2018-10-03,97.638
2018-10-04,95.471
2018-10-05,94.4825
2018-10-08,93.221
2018-10-09,93.516
2018-10-10,87.7625
2018-10-11,85.968
2018-10-12,89.4305
2018-10-15,88.0475
2018-10-16,90.998
2018-10-17,91.5865
2018-10-18,88.536
2018-10-19,88.2015
2018-10-22,89.465
2018-10-23,88.435
2018-10-24,83.21
2018-10-25,89.1085
2018-10-26,82.1405
2018-10-29,76.944
2018-10-30,76.521
2018-10-31,79.9005
2018-11-01,83.2765
2018-11-02,83.2765
2018-11-05,81.39
2018-11-06,82.1405
2018-11-07,87.7745
2018-11-08,87.7455
2018-11-09,85.6215
2018-11-12,81.8425
2018-11-13,81.5585
2018-11-14,79.9505
2018-11-15,80.972
2018-11-16,79.6705
2018-11-19,75.6145
2018-11-20,74.773
2018-11-21,75.8365
2018-11-23,75.103
2018-11-26,79.0665
2018-11-27,79.071
2018-11-28,83.8875
2018-11-29,83.6785
2018-11-30,84.5085
2018-12-03,88.618
2018-12-04,83.42
2018-12-06,84.9595
2018-12-07,81.4565
2018-12-10,82.0515
2018-12-11,82.162
2018-12-12,83.177
2018-12-13,82.919
2018-12-14,79.5955
2018-12-17,76.0455
2018-12-18,77.574
2018-12-19,74.754
2018-12-20,73.0415
2018-12-21,68.8725
2018-12-24,67.198
2018-12-26,73.545
2018-12-27,73.082
2018-12-28,73.901
2018-12-31,75.0985
2019-01-02,76.9565
2019-01-03,75.014
2019-01-04,78.7695
2019-01-07,81.4755
2019-01-08,82.829
2019-01-09,82.971
2019-01-10,82.811
2019-01-11,82.028
2019-01-14,80.8605
2019-01-15,83.728
2019-01-16,84.189
2019-01-17,84.661
2019-01-18,84.81
2019-01-22,81.6085
2019-01-23,82.001
2019-01-24,82.7465
2019-01-25,83.5285
2019-01-28,81.8945
2019-01-29,79.694
2019-01-30,83.5215
2019-01-31,85.9365
2019-02-01,81.3115
2019-02-04,81.6655
2019-02-05,82.9405
2019-02-06,82.013
2019-02-07,80.7185
2019-02-08,79.411
2019-02-11,79.55
2019-02-12,81.9005
2019-02-13,82.0
2019-02-14,81.1325
2019-02-15,80.3975
2019-02-19,81.379
2019-02-20,81.105
2019-02-21,80.972
2019-02-22,81.578
2019-02-25,81.65
2019-02-26,81.82
2019-02-27,82.0545
2019-02-28,81.9915
2019-03-01,83.5865
2019-03-04,84.8085
2019-03-05,84.6215
2019-03-06,83.4475
2019-03-07,81.2975
2019-03-08,81.04
2019-03-11,83.531
2019-03-12,83.655
2019-03-13,84.5405
2019-03-14,84.311
2019-03-15,85.618
2019-03-18,87.1075
2019-03-19,88.0925
2019-03-20,89.8635
2019-03-21,90.963
2019-03-22,88.2385
2019-03-25,88.713
2019-03-26,89.188
2019-03-27,88.285
2019-03-28,88.671
2019-03-29,89.0375
2019-04-01,90.7095
2019-04-02,90.699
2019-04-03,91.035
2019-04-04,90.943
2019-04-05,91.864
2019-04-08,92.493
2019-04-09,91.792
2019-04-10,92.3665
2019-04-11,92.2035
2019-04-12,92.153
2019-04-15,92.2435
2019-04-16,93.152
2019-04-17,93.241
2019-04-18,93.0845
2019-04-22,94.3655
2019-04-23,96.1885
2019-04-24,95.0875
2019-04-25,95.1125
2019-04-26,97.5315
2019-04-29,96.9215
2019-04-30,96.326
2019-05-01,95.576
2019-05-02,95.041
2019-05-03,98.123
2019-05-06,97.5275
2019-05-07,96.05
2019-05-08,95.8885
2019-05-09,94.9935
2019-05-10,94.499
2019-05-13,91.134
2019-05-14,92.006
2019-05-15,93.5575
2019-05-16,95.3785
2019-05-17,93.45
2019-05-20,92.9485
2019-05-21,92.876
2019-05-22,92.984
2019-05-23,90.774
2019-05-24,91.164
2019-05-28,91.8215
2019-05-29,90.9595
2019-05-30,90.816
2019-05-31,88.7535
2019-06-03,84.6345
2019-06-04,86.478
2019-06-05,86.925
2019-06-06,87.718
2019-06-07,90.2015
2019-06-10,93.0315
2019-06-11,93.185
2019-06-12,92.766
2019-06-13,93.515
2019-06-14,93.4835
2019-06-17,94.3015
2019-06-18,95.0685
2019-06-19,95.4395
2019-06-20,95.9095
2019-06-21,95.565
2019-06-24,95.695
2019-06-25,93.9135
2019-06-26,94.8915
2019-06-27,95.214
2019-06-28,94.6815
2019-07-01,96.1095
2019-07-02,96.7155
2019-07-03,96.95
2019-07-05,97.1455
2019-07-08,97.616
2019-07-09,99.415
2019-07-10,100.87
2019-07-11,100.054
2019-07-12,100.55
2019-07-15,101.05
2019-07-16,100.495
2019-07-17,99.6015
2019-07-18,98.895
2019-07-19,98.226
2019-07-22,99.2815
2019-07-23,99.7245
2019-07-24,100.04
2019-07-25,98.691
2019-07-26,97.1525
2019-07-29,95.6225
2019-07-30,94.9265
2019-07-31,93.339
2019-08-01,92.766
2019-08-02,91.162
2019-08-05,88.2565
2019-08-06,89.3915
2019-08-07,89.67
2019-08-08,91.6445
2019-08-09,90.379
2019-08-12,89.246
2019-08-13,91.217
2019-08-14,88.148
2019-08-15,88.806
2019-08-16,89.6285
2019-08-19,90.806
2019-08-20,90.069
2019-08-21,91.177
2019-08-22,90.28
2019-08-23,87.481
2019-08-26,88.4435
2019-08-27,88.0915
2019-08-28,88.2125
2019-08-29,89.32
2019-08-30,88.8145
2019-09-03,89.492
2019-09-04,90.031
2019-09-05,92.036
2019-09-06,91.6755
2019-09-09,91.5675
2019-09-10,91.0275
2019-09-11,91.1495
2019-09-12,92.1775
2019-09-13,91.967
2019-09-16,90.392
2019-09-17,91.1275
2019-09-18,90.873
2019-09-19,91.075
2019-09-20,89.708
2019-09-23,89.265
2019-09-24,87.0805
2019-09-25,88.4165
2019-09-26,86.992
2019-09-27,86.2725
2019-09-30,86.7955
2019-10-01,86.7825
2019-10-02,85.6615
2019-10-03,86.221
2019-10-04,86.9825
2019-10-07,86.633
2019-10-08,85.2755
2019-10-09,86.0995
2019-10-10,86.013
2019-10-11,86.596
2019-10-14,86.8215
2019-10-15,88.369
2019-10-16,88.8715
2019-10-17,89.374
2019-10-18,87.8755
2019-10-21,89.283
2019-10-22,88.2865
2019-10-23,88.1085
2019-10-24,89.039
2019-10-25,88.0665
2019-10-28,88.854
2019-10-29,88.1355
2019-10-30,88.9995
2019-10-31,88.833
2019-11-01,89.572
2019-11-04,90.233
2019-11-05,90.0855
2019-11-06,89.7885
2019-11-07,89.41
2019-11-08,89.294
2019-11-11,88.5825
2019-11-12,88.9
2019-11-13,87.6555
2019-11-14,87.73
2019-11-15,86.9745
2019-11-18,87.6265
2019-11-19,87.6395
2019-11-20,87.2765
2019-11-21,86.7355
2019-11-22,87.286
2019-11-25,88.692
2019-11-26,89.847
2019-11-27,90.9255
2019-11-29,90.04
2019-12-02,89.08
2019-12-03,88.498
2019-12-04,88.0345
2019-12-05,87.024
2019-12-06,87.58
2019-12-09,87.471
2019-12-10,86.9605
2019-12-11,87.436
2019-12-12,88.0165
2019-12-13,88.047
2019-12-16,88.4605
2019-12-17,89.533
2019-12-18,89.2015
2019-12-19,89.614
2019-12-20,89.325
2019-12-23,89.65
2019-12-24,89.4605
2019-12-26,93.4385
2019-12-27,93.49
2019-12-30,92.3445
2019-12-31,92.392
2020-01-02,94.9005
2020-01-03,93.7485
2020-01-06,95.144
2020-01-07,95.343
2020-01-08,94.5985
2020-01-09,95.0525
2020-01-10,94.158
2020-01-13,94.565
2020-01-14,93.472
2020-01-15,93.101
2020-01-16,93.897
2020-01-17,93.236
2020-01-21,94.6
2020-01-22,94.373
2020-01-23,94.229
2020-01-24,93.082
2020-01-27,91.417
2020-01-28,92.6625
2020-01-29,92.9
2020-01-30,93.534
2020-01-31,100.436
2020-02-03,100.21
2020-02-04,102.484
2020-02-05,101.994
2020-02-06,102.512
2020-02-07,103.964
2020-02-10,106.696
2020-02-11,107.54
2020-02-12,108.0
2020-02-13,107.494
2020-02-14,106.744
2020-02-18,107.784
2020-02-19,108.511
2020-02-20,107.655
2020-02-21,104.798
2020-02-24,100.464
2020-02-25,98.637
2020-02-26,98.9795
2020-02-27,94.215
2020-02-28,94.1875
2020-03-02,97.6975
2020-03-03,95.4495
2020-03-04,98.7915
2020-03-05,96.2015
2020-03-06,95.0545
2020-03-09,90.0305
2020-03-10,94.591
2020-03-11,91.043
2020-03-12,83.8305
2020-03-13,89.25
2020-03-16,84.4575
2020-03-17,90.392
2020-03-18,91.5
2020-03-19,94.0465
2020-03-20,92.3045
2020-03-23,95.1415
2020-03-24,97.005
2020-03-25,94.292
2020-03-26,97.7745
2020-03-27,95.005
2020-03-30,98.1975
2020-03-31,97.486
2020-04-01,95.385
2020-04-02,95.9415
2020-04-03,95.3295
2020-04-06,99.8795
2020-04-07,100.58
2020-04-08,102.15
2020-04-09,102.138
2020-04-13,108.444
2020-04-14,114.166
2020-04-15,115.384
2020-04-16,120.41
2020-04-17,118.75
2020-04-20,119.681
2020-04-21,116.406
2020-04-22,118.174
2020-04-23,119.972
2020-04-24,120.511
2020-04-27,118.8
2020-04-28,115.704
2020-04-29,118.636
2020-04-30,123.7
2020-05-01,114.302
2020-05-04,115.8
2020-05-05,115.89
2020-05-06,117.563
2020-05-07,118.381
2020-05-08,118.98
2020-05-11,120.45
2020-05-12,117.848
2020-05-13,118.396
2020-05-14,119.442
2020-05-15,120.489
2020-05-18,121.313
2020-05-19,122.466
2020-05-20,124.897
2020-05-21,122.337
2020-05-22,121.844
2020-05-26,121.093
2020-05-27,120.52
2020-05-28,120.055
2020-05-29,122.118
2020-06-01,123.552
2020-06-02,123.62
2020-06-03,123.92
2020-06-04,123.03
2020-06-05,124.15
2020-06-08,126.203
2020-06-09,130.043
2020-06-10,132.372
2020-06-11,127.898
2020-06-12,127.251
2020-06-15,128.634
2020-06-16,130.764
2020-06-17,132.049
2020-06-18,132.699
2020-06-19,133.751
2020-06-22,135.691
2020-06-23,138.22
2020-06-24,136.72
2020-06-25,137.729
2020-06-26,134.644
2020-06-29,134.019
2020-06-30,137.941
2020-07-01,143.935
2020-07-02,144.515
2020-07-06,152.852
2020-07-07,150.006
2020-07-08,154.056
2020-07-09,159.132
2020-07-10,160.0
2020-07-13,155.2
2020-07-14,154.2
2020-07-15,150.444
2020-07-16,149.995
2020-07-17,148.098
2020-07-20,159.842
2020-07-21,156.914
2020-07-22,154.996
2020-07-23,149.328
2020-07-24,150.445
2020-07-27,152.76
2020-07-28,150.016
2020-07-29,151.676
2020-07-30,152.594
2020-07-31,158.234
2020-08-03,155.594
2020-08-04,156.942
2020-08-05,160.252
2020-08-06,161.25
2020-08-07,158.373
2020-08-10,157.408
2020-08-11,154.034
2020-08-12,158.112
2020-08-13,158.051
2020-08-14,157.401
2020-08-17,159.12
2020-08-18,165.624
2020-08-19,163.024
2020-08-20,164.868
2020-08-21,164.236
2020-08-24,165.373
2020-08-25,167.324
2020-08-26,172.092
2020-08-27,170.0
2020-08-28,170.09
2020-08-31,172.548
2020-09-01,174.956
2020-09-02,176.572
2020-09-03,168.4
2020-09-04,164.731
2020-09-08,157.492
2020-09-09,163.43
2020-09-10,158.756
2020-09-11,155.811
2020-09-14,155.148
2020-09-15,157.806
2020-09-16,153.905
2020-09-17,150.436
2020-09-18,147.746
2020-09-21,148.023
2020-09-22,156.45
2020-09-23,149.993
2020-09-24,150.99
2020-09-25,154.757
2020-09-28,158.703
2020-09-29,157.244
2020-09-30,157.436
2020-10-01,161.063
2020-10-02,156.25
2020-10-05,159.96
2020-10-06,154.998
2020-10-07,159.784
2020-10-08,159.528
2020-10-09,164.332
2020-10-12,172.146
2020-10-13,172.182
2020-10-14,168.186
2020-10-15,166.932
2020-10-16,163.636
2020-10-19,160.36
2020-10-20,160.85
2020-10-21,159.247
2020-10-22,158.82
2020-10-23,160.22
2020-10-26,160.352
2020-10-27,164.316
2020-10-28,158.139
2020-10-29,160.55
2020-10-30,151.808
2020-11-02,150.224
2020-11-03,152.42
2020-11-04,162.058
2020-11-05,166.1
2020-11-06,165.568
2020-11-09,157.187
2020-11-10,151.751
2020-11-11,156.87
2020-11-12,155.514
2020-11-13,156.44
2020-11-16,156.553
2020-11-17,156.783
2020-11-18,155.273
2020-11-19,155.851
2020-11-20,154.97
2020-11-23,154.92
2020-11-24,155.903
2020-11-25,159.254
2020-11-27,159.767
2020-11-30,158.402
2020-12-01,161.004
2020-12-02,160.176
2020-12-03,159.336
2020-12-04,158.129
2020-12-07,157.9
2020-12-08,158.864
2020-12-09,155.21
2020-12-10,155.074
2020-12-11,155.821
2020-12-14,157.848
2020-12-15,158.256
2020-12-16,162.048
2020-12-17,161.804
2020-12-18,160.082
2020-12-21,160.309
2020-12-22,160.326
2020-12-23,159.264
2020-12-24,158.634
2020-12-28,164.198
2020-12-29,166.1
2020-12-30,164.292
2020-12-31,162.846
2021-01-04,159.332
2021-01-05,160.926
2021-01-06,156.919
2021-01-07,158.108
2021-01-08,159.135
2021-01-11,155.71
2021-01-12,156.041
2021-01-13,158.294
2021-01-14,156.373
2021-01-15,155.212
2021-01-19,156.038
2021-01-20,163.169
2021-01-21,165.349
2021-01-22,164.612
2021-01-25,164.7
2021-01-26,166.306
2021-01-27,161.629
2021-01-28,161.881
2021-01-29,160.31
2021-02-01,167.144
2021-02-02,169.0
2021-02-03,165.627
2021-02-04,166.55
2021-02-05,167.608
2021-02-08,166.147
2021-02-09,165.25
2021-02-10,164.329
2021-02-11,163.106
2021-02-12,163.886
2021-02-16,163.448
2021-02-17,165.432
2021-02-18,166.412
2021-02-19,162.495
2021-02-22,159.037
2021-02-23,159.725
2021-02-24,157.977
2021-02-25,152.858
2021-02-26,154.646
2021-03-01,157.307
2021-03-02,154.727
2021-03-03,150.25
2021-03-04,148.878
2021-03-05,150.023
2021-03-08,147.598
2021-03-09,153.142
2021-03-10,152.882
2021-03-11,155.68
2021-03-12,154.474
2021-03-15,154.084
2021-03-16,154.593
2021-03-17,156.786
2021-03-18,151.4
2021-03-19,153.748
2021-03-22,155.544
2021-03-23,156.875
2021-03-24,154.354
2021-03-25,152.313
2021-03-26,152.602
2021-03-29,153.786
2021-03-30,152.764
2021-03-31,154.704
2021-04-01,158.05
2021-04-05,161.336
2021-04-06,161.191
2021-04-07,163.969
2021-04-08,164.965
2021-04-09,168.61
2021-04-12,168.969
2021-04-13,170.0
2021-04-14,166.65
2021-04-15,168.954
2021-04-16,169.972
2021-04-19,168.6
2021-04-20,166.734
2021-04-21,168.101
2021-04-22,165.452
2021-04-23,167.044
2021-04-26,170.45
2021-04-27,170.872
2021-04-28,172.925
2021-04-29,173.566
2021-04-30,173.371
2021-05-03,169.324
2021-05-04,165.594
2021-05-05,163.527
2021-05-06,165.318
2021-05-07,164.58
2021-05-10,159.524
2021-05-11,161.195
2021-05-12,157.597
2021-05-13,158.074
2021-05-14,161.145
2021-05-17,163.52
2021-05-18,161.614
2021-05-19,161.59
2021-05-20,162.384
2021-05-21,160.154
2021-05-24,162.249
2021-05-25,162.953
2021-05-26,163.258
2021-05-27,161.506
2021-05-28,161.154
2021-06-01,160.932
2021-06-02,161.7
2021-06-03,159.35
2021-06-04,160.311
2021-06-07,159.901
2021-06-08,163.206
2021-06-09,164.058
2021-06-10,167.483
2021-06-11,167.342
2021-06-14,169.194
2021-06-15,169.156
2021-06-16,170.762
2021-06-17,174.462
2021-06-18,174.345
2021-06-21,172.698
2021-06-22,175.272
2021-06-23,175.191
2021-06-24,172.454
2021-06-25,170.073
2021-06-28,172.194
2021-06-29,172.407
2021-06-30,172.008
2021-07-01,171.648
2021-07-02,175.549
2021-07-06,183.787
2021-07-07,184.829
2021-07-08,186.57
2021-07-09,185.967
2021-07-12,185.928
2021-07-13,183.868
2021-07-14,184.084
2021-07-15,181.56
2021-07-16,178.682
2021-07-19,177.48
2021-07-20,178.66
2021-07-21,179.26
2021-07-22,181.902
2021-07-23,182.832
2021-07-26,184.991
2021-07-27,181.32
2021-07-28,181.516
2021-07-29,179.996
2021-07-30,166.38
2021-08-02,166.574
2021-08-03,168.312
2021-08-04,167.736
2021-08-05,168.8
2021-08-06,167.247
2021-08-09,167.094
2021-08-10,166.034
2021-08-11,164.606
2021-08-12,165.175
2021-08-13,164.698
2021-08-16,164.95
2021-08-17,162.098
2021-08-18,160.061
2021-08-19,159.388
2021-08-20,159.998
2021-08-23,163.294
2021-08-24,165.289
2021-08-25,164.959
2021-08-26,165.8
2021-08-27,167.482
2021-08-30,171.079
2021-08-31,173.54
2021-09-01,173.95
2021-09-02,173.156
2021-09-03,173.902
2021-09-07,175.464
2021-09-08,176.275
2021-09-09,174.208
2021-09-10,173.458
2021-09-13,172.858
2021-09-14,172.5
2021-09-15,173.79
2021-09-16,174.412
2021-09-17,173.126
2021-09-20,167.786
2021-09-21,167.182
2021-09-22,169.002
2021-09-23,170.8
2021-09-24,171.276
2021-09-27,170.29
2021-09-28,165.798
2021-09-29,165.056
2021-09-30,164.252
2021-10-01,164.163
2021-10-04,159.489
2021-10-05,161.05
2021-10-06,163.1
2021-10-07,165.122
2021-10-08,164.431
2021-10-11,162.315
2021-10-12,162.366
2021-10-13,164.214
2021-10-14,164.993
2021-10-15,170.451
2021-10-18,172.337
2021-10-19,172.208
2021-10-20,170.753
2021-10-21,171.751
2021-10-22,166.778
2021-10-25,166.018
2021-10-26,168.804
2021-10-27,169.624
2021-10-28,172.329
2021-10-29,168.622
2021-11-01,165.906
2021-11-02,165.638
2021-11-03,169.2
2021-11-04,173.85
2021-11-05,175.95
2021-11-08,174.449
2021-11-09,178.812
2021-11-10,174.103
2021-11-11,173.625
2021-11-12,176.258
2021-11-15,177.284
2021-11-16,177.035
2021-11-17,177.45
2021-11-18,184.803
2021-11-19,183.829
2021-11-22,178.628
2021-11-23,179.002
2021-11-24,179.02
2021-11-26,175.228
2021-11-29,178.079
2021-11-30,175.354
2021-12-01,172.186
2021-12-02,171.868
2021-12-03,169.49
2021-12-06,171.368
2021-12-07,176.164
2021-12-08,176.158
2021-12-09,174.171
2021-12-10,172.212
2021-12-13,169.568
2021-12-14,169.092
2021-12-15,173.315
2021-12-16,168.871
2021-12-17,170.017
2021-12-20,167.079
2021-12-21,170.417
2021-12-22,171.037
2021-12-23,171.068
2021-12-27,169.67
2021-12-28,170.661
2021-12-29,169.201
2021-12-30,168.644
2021-12-31,166.717
2022-01-03,170.404
2022-01-04,167.522
2022-01-05,164.357
2022-01-06,163.254
2022-01-07,162.554
2022-01-10,161.486
2022-01-11,165.362
2022-01-12,165.207
2022-01-13,161.214
2022-01-14,162.138
2022-01-18,158.918
2022-01-19,156.299
2022-01-20,151.668
2022-01-21,142.643
2022-01-24,144.544
2022-01-25,139.986
2022-01-26,138.872
2022-01-27,139.638
2022-01-28,143.978
2022-01-31,149.574
2022-02-01,151.194
2022-02-02,150.612
2022-02-03,138.846
2022-02-04,157.64
2022-02-07,157.936
2022-02-08,161.414
2022-02-09,161.19
2022-02-10,159.004
2022-02-11,153.294
2022-02-14,155.167
2022-02-15,156.51
2022-02-16,158.1
2022-02-17,154.652
2022-02-18,152.602
2022-02-22,150.198
2022-02-23,144.827
2022-02-24,151.358
2022-02-25,153.788
2022-02-28,153.563
2022-03-01,151.142
2022-03-02,152.052
2022-03-03,147.898
2022-03-04,145.641
2022-03-07,137.453
2022-03-08,136.014
2022-03-09,139.279
2022-03-10,146.818
2022-03-11,145.524
2022-03-14,141.853
2022-03-15,147.366
2022-03-16,153.104
2022-03-17,157.239
2022-03-18,161.251
2022-03-21,161.492
2022-03-22,164.889
2022-03-23,163.408
2022-03-24,163.65
2022-03-25,164.773
2022-03-28,168.99
2022-03-29,169.315
2022-03-30,166.301
2022-03-31,162.998
2022-04-01,163.56
2022-04-04,168.346
2022-04-05,164.055
2022-04-06,158.756
2022-04-07,157.784
2022-04-08,154.46
2022-04-11,151.122
2022-04-12,150.788
2022-04-13,155.541
2022-04-14,151.706
2022-04-18,152.785
2022-04-19,158.116
2022-04-20,153.998
2022-04-21,148.296
2022-04-22,144.35
2022-04-25,146.074
2022-04-26,139.391
2022-04-27,138.167
2022-04-28,144.596
2022-04-29,124.282
2022-05-02,124.5
2022-05-03,124.254
2022-05-04,125.929
2022-05-05,116.407
2022-05-06,114.772
2022-05-09,108.789
2022-05-10,108.859
2022-05-11,105.372
2022-05-12,106.931
2022-05-13,113.055
2022-05-16,110.81
2022-05-17,115.368
2022-05-18,107.112
2022-05-19,107.319
2022-05-20,107.591
2022-05-23,107.557
2022-05-24,104.1
2022-05-25,106.775
2022-05-26,111.078
2022-05-27,115.146
2022-05-31,120.21
2022-06-01,121.684
2022-06-02,125.511
2022-06-03,122.35
2022-06-06,124.79
2022-06-07,123.0
2022-06-08,121.18
2022-06-09,116.15
2022-06-10,109.65
2022-06-13,103.67
2022-06-14,102.31
2022-06-15,107.67
2022-06-16,103.66
2022-06-17,106.22
2022-06-21,108.68
2022-06-22,108.95
2022-06-23,112.44
2022-06-24,116.46
2022-06-27,113.22
2022-06-28,107.4
2022-06-29,108.92
2022-06-30,106.21
2022-07-01,109.56
2022-07-05,113.5
2022-07-06,114.33
2022-07-07,116.33
2022-07-08,115.54
2022-07-11,111.75
2022-07-12,109.22
2022-07-13,110.4
2022-07-14,110.63
2022-07-15,113.55
2022-07-18,113.76
2022-07-19,118.21
2022-07-20,122.77
2022-07-21,124.63
2022-07-22,122.42
2022-07-25,121.14
2022-07-26,114.81
2022-07-27,120.97
2022-07-28,122.28
2022-07-29,134.95
2022-08-01,135.39
2022-08-02,134.16
2022-08-03,139.52
2022-08-04,142.57
2022-08-05,140.8
2022-08-08,139.41
2022-08-09,137.83
2022-08-10,142.69
2022-08-11,140.64
2022-08-12,143.55
2022-08-15,143.18
2022-08-16,144.78
2022-08-17,142.1
2022-08-18,142.3
2022-08-19,138.23
2022-08-22,133.22
2022-08-23,133.62
2022-08-24,133.8
2022-08-25,137.28
2022-08-26,130.75
2022-08-29,129.79
2022-08-30,128.73
2022-08-31,126.77
2022-09-01,127.82
2022-09-02,127.51
2022-09-06,126.11
2022-09-07,129.48
2022-09-08,129.82
2022-09-09,133.27
2022-09-12,136.45
2022-09-13,126.82
2022-09-14,128.55
2022-09-15,126.28
2022-09-16,123.53
2022-09-19,124.66
2022-09-20,122.19
2022-09-21,118.54
2022-09-22,117.31
2022-09-23,113.78
2022-09-26,115.15
2022-09-27,114.41
2022-09-28,118.01
2022-09-29,114.8
2022-09-30,113.0
2022-10-03,115.88
2022-10-04,121.09
2022-10-05,120.95
2022-10-06,120.3
2022-10-07,114.56
2022-10-10,113.67
2022-10-11,112.21
2022-10-12,112.9
2022-10-13,112.53
2022-10-14,106.9
2022-10-17,113.79
2022-10-18,116.36
2022-10-19,115.07
2022-10-20,115.25
2022-10-21,119.32
2022-10-24,119.82
2022-10-25,120.6
2022-10-26,115.66
2022-10-27,110.96
2022-10-28,103.41
2022-10-31,102.44
2022-11-01,96.79
2022-11-02,92.12
2022-11-03,89.3
2022-11-04,90.98
2022-11-07,90.53
2022-11-08,89.98
2022-11-09,86.14
2022-11-10,96.63
2022-11-11,100.79
2022-11-14,98.49
2022-11-15,98.94
2022-11-16,97.12
2022-11-17,94.85
2022-11-18,94.14
2022-11-21,92.46
2022-11-22,93.2
2022-11-23,94.13
2022-11-25,93.41
2022-11-28,93.95
2022-11-29,92.42
2022-11-30,96.54
2022-12-01,95.5
2022-12-02,94.13
2022-12-05,91.01
2022-12-06,88.25
2022-12-07,88.46
2022-12-08,90.35
2022-12-09,89.09
2022-12-12,90.55
2022-12-13,92.49
2022-12-14,91.58
2022-12-15,88.45
2022-12-16,87.86
2022-12-19,84.92
2022-12-20,85.19
2022-12-21,86.77
2022-12-22,83.79
2022-12-23,85.25
2022-12-27,83.04
2022-12-28,81.82
2022-12-29,84.18
2022-12-30,84.0
2023-01-03,85.82
2023-01-04,85.14
2023-01-05,83.12
2023-01-06,86.08
2023-01-09,87.36
2023-01-10,89.87
2023-01-11,95.09
2023-01-12,95.27
2023-01-13,98.12
2023-01-17,96.05
2023-01-18,95.46
2023-01-19,93.68
2023-01-20,97.25
2023-01-23,97.52
2023-01-24,96.32
2023-01-25,97.18
2023-01-26,99.22
2023-01-27,102.24
2023-01-30,100.55
2023-01-31,103.13
2023-02-01,105.15
2023-02-02,112.91
2023-02-03,103.39
2023-02-06,102.18
2023-02-07,102.11
2023-02-08,100.05
2023-02-09,98.24
2023-02-10,97.61
2023-02-13,99.54
2023-02-14,99.7
2023-02-15,101.16
2023-02-16,98.15
2023-02-17,97.2
2023-02-21,94.58
2023-02-22,95.79
2023-02-23,95.82
2023-02-24,93.5
2023-02-27,93.76
2023-02-28,94.23
2023-03-01,92.17
2023-03-02,92.13
2023-03-03,94.9
2023-03-06,93.75
2023-03-07,93.55
2023-03-08,93.92
2023-03-09,92.25
2023-03-10,90.73
2023-03-13,92.43
2023-03-14,94.88
2023-03-15,96.2
2023-03-16,100.04
2023-03-17,98.95
2023-03-20,97.71
2023-03-21,100.61
2023-03-22,98.7
2023-03-23,98.71
2023-03-24,98.13
2023-03-27,98.04
2023-03-28,97.24
2023-03-29,100.25
2023-03-30,102.0
2023-03-31,103.29
2023-04-03,102.41
2023-04-04,103.95
2023-04-05,101.1
2023-04-06,102.06
2023-04-10,102.17
2023-04-11,99.92
2023-04-12,97.83
2023-04-13,102.4
2023-04-14,102.51
2023-04-17,102.74
2023-04-18,102.3
2023-04-19,104.3
2023-04-20,103.81
2023-04-21,106.96
2023-04-24,106.21
2023-04-25,102.57
2023-04-26,104.98
2023-04-27,109.82
2023-04-28,105.45
2023-05-01,102.05
2023-05-02,103.63
2023-05-03,103.65
2023-05-04,104.0
2023-05-05,105.655
2023-05-08,105.83
2023-05-09,106.62
2023-05-10,110.19
2023-05-11,112.18
2023-05-12,110.26
2023-05-15,111.2
2023-05-16,113.4
2023-05-17,115.5
2023-05-18,118.15
2023-05-19,116.25
2023-05-22,115.01
2023-05-23,114.99
2023-05-24,116.75
2023-05-25,115.0
2023-05-26,120.11
2023-05-30,121.66
2023-05-31,120.58
2023-06-01,122.77
2023-06-02,124.25
2023-06-05,125.3
2023-06-06,126.61
2023-06-07,121.23
2023-06-08,124.25
2023-06-09,123.43
2023-06-12,126.57
2023-06-13,126.66
2023-06-14,126.42
2023-06-15,127.11
2023-06-16,125.49
2023-06-20,125.78
2023-06-21,124.83
2023-06-22,130.15
2023-06-23,129.33
2023-06-26,127.33
2023-06-27,129.18
2023-06-28,129.04
2023-06-29,127.9
2023-06-30,130.36
2023-07-03,130.22
2023-07-05,130.38
2023-07-06,128.36
2023-07-07,129.78
2023-07-10,127.13
2023-07-11,128.78
2023-07-12,130.8
2023-07-13,134.3
2023-07-14,134.68
2023-07-17,133.56
2023-07-18,132.83
2023-07-19,135.36
2023-07-20,129.96
2023-07-21,130.0
2023-07-24,128.8
2023-07-25,129.13
2023-07-26,128.15
2023-07-27,128.25
2023-07-28,132.21
2023-07-31,133.68
2023-08-01,131.69
2023-08-02,128.21
2023-08-03,128.91
2023-08-04,139.57
2023-08-07,142.22
2023-08-08,139.94
2023-08-09,137.85
2023-08-10,138.56
2023-08-11,138.41
2023-08-14,140.57
2023-08-15,137.67
2023-08-16,135.07
2023-08-17,133.98
2023-08-18,133.22
2023-08-21,134.68
2023-08-22,134.25
2023-08-23,135.52
2023-08-24,131.84
2023-08-25,133.26
2023-08-28,133.14
2023-08-29,134.91
2023-08-30,135.07
2023-08-31,138.01
2023-09-01,138.12
2023-09-05,137.27
2023-09-06,135.36
2023-09-07,137.85
2023-09-08,138.23
2023-09-11,143.1
2023-09-12,141.23
2023-09-13,144.85
2023-09-14,144.72
2023-09-15,140.39
2023-09-18,139.98
2023-09-19,137.63
2023-09-20,135.29
2023-09-21,129.33
2023-09-22,129.12
2023-09-25,131.27
2023-09-26,125.98
2023-09-27,125.98
2023-09-28,125.98
2023-09-29,127.12
2023-10-02,129.46
2023-10-03,124.72
2023-10-04,127.0
2023-10-05,125.96
2023-10-06,127.96
2023-10-09,128.26
2023-10-10,129.48
2023-10-11,131.83
2023-10-12,132.33
2023-10-13,129.79
2023-10-16,132.55
2023-10-17,131.47
2023-10-18,128.13
2023-10-19,128.4
2023-10-20,125.17
2023-10-23,126.56
2023-10-24,128.56
2023-10-25,121.39
2023-10-26,119.57
2023-10-27,127.74
2023-10-30,132.71
2023-10-31,133.09
2023-11-01,137.0
2023-11-02,138.07
2023-11-03,138.6
2023-11-06,139.74
2023-11-07,142.71
2023-11-08,142.08
2023-11-09,140.6
2023-11-10,143.56
2023-11-13,142.59
2023-11-14,145.8
2023-11-15,143.2
2023-11-16,142.83
2023-11-17,145.18
2023-11-20,146.13
2023-11-21,143.9
2023-11-22,146.71
2023-11-24,146.74
2023-11-27,147.73
2023-11-28,147.03
2023-11-29,146.32
2023-11-30,146.09
2023-12-01,147.03
2023-12-04,144.84
2023-12-05,146.88
2023-12-06,144.52
2023-12-07,146.88
2023-12-08,147.42
2023-12-11,145.89
2023-12-12,147.48
2023-12-13,148.84
2023-12-14,147.42
2023-12-15,149.97
2023-12-18,154.07
2023-12-19,153.79
2023-12-20,152.12
2023-12-21,153.84
2023-12-22,153.42
2023-12-26,153.41
2023-12-27,153.34
2023-12-28,153.38
2023-12-29,151.94
2024-01-02,149.93
2024-01-03,148.47
2024-01-04,144.57
2024-01-05,145.24
2024-01-08,149.1
2024-01-09,151.37
2024-01-10,153.73
2024-01-11,155.18
2024-01-12,154.62
2024-01-16,153.16
2024-01-17,151.71
2024-01-18,153.5
2024-01-19,155.34
2024-01-22,154.78
2024-01-23,156.02
2024-01-24,156.87
2024-01-25,157.75
2024-01-26,159.12
2024-01-29,161.26
2024-01-30,159.0
2024-01-31,155.2
2024-02-01,159.28
2024-02-02,171.81
2024-02-05,170.31
2024-02-06,169.15
2024-02-07,170.53
2024-02-08,169.84
2024-02-09,174.45
2024-02-12,172.34
2024-02-13,168.64
2024-02-14,170.98
2024-02-15,169.8
2024-02-16,169.51
2024-02-20,167.08
2024-02-21,168.59
2024-02-22,174.58
2024-02-23,174.99
2024-02-26,174.73
2024-02-27,173.54
2024-02-28,173.16
2024-02-29,176.76
2024-03-01,178.22
2024-03-04,177.58
2024-03-05,174.12
2024-03-06,173.51
2024-03-07,176.82
2024-03-08,175.35
2024-03-11,171.96
2024-03-12,175.39
2024-03-13,176.555
2024-03-14,178.75
2024-03-15,174.42
2024-03-18,174.48
2024-03-19,175.9
2024-03-20,178.15
2024-03-21,178.15
2024-03-22,178.87
2024-03-25,179.71
2024-03-26,178.3
2024-03-27,179.83
2024-03-28,180.38
2024-04-01,180.97
2024-04-02,180.69
2024-04-03,182.41
2024-04-04,180.0
2024-04-05,185.07
2024-04-08,185.32
2024-04-09,185.67
2024-04-10,184.54
